,fixed acidity,volatile acidity,citric acid,residual sugar,chlorides,free sulfur dioxide,total sulfur dioxide,density,pH,sulphates,alcohol,quality
count,6487.0,6489.0,6494.0,6495.0,6495.0,6497.0,6497.0,6497.0,6488.0,6493.0,6497.0,6497.0
mean,7.2165793124710795,0.33969101556480247,0.3187218971358124,5.444326404926885,0.05604157043879931,30.525319378174544,115.7445744189626,0.9946966338309937,3.218395499383475,0.5312151547820745,10.491800831149511,5.818377712790519
std,1.2967498565264803,0.16464902864429293,0.14526480053397803,4.758124742672707,0.035036025227589696,17.749399772002565,56.52185452263032,0.0029986730037190345,0.16074830655088293,0.14881412131628308,1.1927117488689747,0.8732552715311137
min,3.8,0.08,0.0,0.6,0.009000000000000001,1.0,6.0,0.98711,2.72,0.22,8.0,3.0
25%,6.4,0.23,0.25,1.8,0.038,17.0,77.0,0.99234,3.11,0.43,9.5,5.0
50%,7.0,0.29,0.31,3.0,0.047,29.0,118.0,0.9948899999999999,3.21,0.51,10.3,6.0
75%,7.7,0.4,0.39,8.1,0.065,41.0,156.0,0.9969899999999999,3.32,0.6,11.3,6.0
max,15.9,1.58,1.66,65.8,0.611,289.0,440.0,1.03898,4.01,2.0,14.9,9.0
